Date,Open,High,Low,Close,Volume,Market Cap
2020-12-12,18051.32,18919.55,18046.04,18803.66,21752580802.0,349170613899.0
2020-12-11,18263.93,18268.45,17619.53,18058.9,27919640985.0,335326168919.0
2020-12-10,18553.3,18553.3,17957.07,18264.99,25547132265.0,339136939586.0
2020-12-09,18320.88,18626.29,17935.55,18553.92,34420373071.0,344486483494.0
2020-12-08,19191.53,19283.48,18269.95,18321.14,31692288756.0,340148764252.0
2020-12-07,19343.13,19411.83,18931.14,19191.63,26896357742.0,356293229783.0
2020-12-06,19154.18,19390.5,18897.89,19345.12,25293775714.0,359123541247.0
2020-12-05,18698.39,19160.45,18590.19,19154.23,27242455064.0,355563938256.0
2020-12-04,19446.97,19511.4,18697.19,18699.77,33872388058.0,347111351136.0
2020-12-03,19205.93,19566.19,18925.78,19445.4,31930317405.0,360933936017.0
2020-12-02,18801.74,19308.33,18347.72,19201.09,37387697139.0,356381007571.0
2020-12-01,19633.77,19845.98,18321.92,18803.0,49633658712.0,348976597318.0
2020-11-30,18178.32,19749.26,18178.32,19625.84,47728480399.0,364229729426.0
2020-11-29,17719.63,18283.63,17559.12,18177.48,31133957704.0,337336592123.0
2020-11-28,17112.93,17853.94,16910.65,17717.42,32601040734.0,328782832212.0
2020-11-27,17153.91,17445.02,16526.42,17108.4,38886494645.0,317464460530.0
2020-11-26,18729.84,18866.29,16351.03,17150.62,61396835737.0,318231964319.0
2020-11-25,19104.41,19390.97,18581.15,18732.12,43710357371.0,347558803507.0
2020-11-24,18365.01,19348.27,18128.66,19107.46,51469565009.0,354504361032.0
2020-11-23,18370.02,18711.43,18000.8,18364.12,42741112308.0,340698070308.0
2020-11-22,18642.23,18688.97,17671.38,18370.0,41280434226.0,340790183317.0
2020-11-21,18621.32,18936.62,18444.36,18642.23,39650210707.0,345819234185.0
2020-11-20,17817.08,18773.23,17765.8,18621.31,36992873940.0,345411881099.0
2020-11-19,17803.86,18119.55,17382.55,17817.09,36985055355.0,330475167134.0
2020-11-18,17645.19,18393.95,17352.91,17804.01,49064800278.0,330218014062.0
2020-11-17,16685.69,17782.92,16564.54,17645.41,39006849170.0,327257094857.0
2020-11-16,15955.58,16816.18,15880.71,16716.11,31526766675.0,309889423249.0
2020-11-15,16068.14,16123.11,15793.53,15955.59,23653867583.0,295790551598.0
2020-11-14,16317.81,16317.81,15749.19,16068.14,27481710135.0,297877068423.0
2020-11-13,16276.44,16463.18,15992.15,16317.81,31599492172.0,302505533181.0
2020-11-12,15701.3,16305.0,15534.77,16276.34,34175758344.0,301736853825.0
2020-11-11,15290.91,15916.26,15290.01,15701.34,29772374934.0,291077214052.0
2020-11-10,15332.35,15450.33,15124.96,15290.9,25574938143.0,283468380961.0
2020-11-09,15479.6,15785.14,14865.53,15332.32,34149115566.0,284236108837.0
2020-11-08,14833.75,15637.32,14744.11,15479.57,26632075029.0,286955182899.0
2020-11-07,15565.88,15737.1,14423.2,14833.75,35024953706.0,274970333140.0
2020-11-06,15579.73,15903.44,15226.84,15565.88,39837841971.0,288526920959.0
2020-11-05,14133.73,15706.4,14102.09,15579.85,40856321439.0,288771509681.0
2020-11-04,13950.49,14218.77,13580.47,14133.71,35116364962.0,261954213176.0
2020-11-03,13550.45,13984.98,13325.44,13950.3,29869951617.0,258541441764.0
2020-11-02,13737.03,13808.32,13243.16,13550.49,30771455468.0,251119864445.0
2020-11-01,13780.99,13862.03,13628.38,13737.11,24453857900.0,254569759063.0
2020-10-31,13546.53,14028.21,13457.53,13780.99,30306464719.0,255372071116.0
2020-10-30,13437.87,13651.52,13136.2,13546.52,30581485201.0,251018154920.0
2020-10-29,13271.3,13612.05,12980.06,13437.88,56499499598.0,248995322466.0
2020-10-28,13654.21,13837.7,12932.25,13271.29,35867318895.0,245899824465.0
2020-10-27,13075.24,13759.67,13060.84,13654.22,33749878156.0,252985946390.0
2020-10-26,13031.2,13225.3,12822.38,13075.25,29461458313.0,242250997936.0
2020-10-25,13108.06,13329.18,12910.06,13031.17,24406920575.0,241425217440.0
2020-10-24,12931.57,13145.07,12885.75,13108.06,24542317940.0,242839876186.0
2020-10-23,12971.55,13015.96,12752.65,12931.54,28974975003.0,239557562148.0
2020-10-22,12801.64,13161.59,12717.09,12965.89,34729759598.0,240166387522.0
2020-10-21,11913.08,13184.57,11900.93,12823.69,43414712626.0,237532386963.0
2020-10-20,11745.97,11999.92,11681.48,11916.34,30915821592.0,220721282865.0
2020-10-19,11495.04,11799.09,11408.29,11742.04,23860769928.0,217482407293.0
2020-10-18,11355.98,11483.36,11347.58,11483.36,18283314340.0,212682581771.0
2020-10-17,11322.12,11386.26,11285.35,11358.1,19130430174.0,210353665235.0
2020-10-16,11502.83,11540.06,11223.01,11322.12,25635480772.0,209676088344.0
2020-10-15,11426.6,11569.91,11303.6,11495.35,24487233058.0,212873103428.0
2020-10-14,11429.05,11539.98,11307.83,11429.51,24103426719.0,211643390713.0
2020-10-13,11548.72,11548.98,11321.22,11425.9,24241420251.0,211565586739.0
2020-10-12,11392.64,11698.47,11240.69,11555.36,26163972642.0,213950143824.0
2020-10-11,11296.08,11428.81,11288.63,11384.18,19968627060.0,210766812992.0
2020-10-10,11059.14,11442.21,11056.94,11296.36,22877978588.0,209130239495.0
2020-10-09,10927.91,11102.67,10846.85,11064.46,22799117613.0,204827451843.0
2020-10-08,10669.37,10945.74,10562.61,10915.69,63314794397.0,202064144550.0
2020-10-07,10603.36,10680.51,10562.51,10668.97,37799458436.0,197485816055.0
2020-10-06,10796.31,10797.58,10528.89,10604.41,42623695307.0,196281911458.0
2020-10-05,10676.53,10793.51,10634.6,10793.34,47537578009.0,199769602128.0
2020-10-04,10550.44,10686.0,10534.39,10669.58,71251776995.0,197468899357.0
2020-10-03,10575.1,10598.94,10511.13,10549.33,44660271563.0,195233191301.0
2020-10-02,10619.82,10657.84,10416.69,10575.98,48661453918.0,195716085732.0
2020-10-01,10795.25,10933.62,10472.36,10619.45,40023134100.0,196512086756.0
2020-09-30,10843.87,10847.26,10669.32,10784.49,44171073700.0,199556965504.0
2020-09-29,10709.65,10860.0,10649.5,10844.64,46582396602.0,200660083839.0
2020-09-28,10776.61,10945.35,10703.89,10709.65,47762394731.0,198154065044.0
2020-09-27,10746.89,10803.98,10622.92,10775.27,53745972818.0,199357967523.0
2020-09-26,10695.58,10773.0,10667.28,10750.72,46852525493.0,198893019774.0
2020-09-25,10761.11,10777.7,10578.91,10692.72,39348590957.0,197809986226.0
2020-09-24,10248.79,10771.06,10231.49,10760.07,47144380902.0,199045623654.0
2020-09-23,10535.49,10537.83,10197.86,10246.19,23788661867.0,189529920746.0
2020-09-22,10459.62,10568.08,10382.73,10538.46,23621787804.0,194932197947.0
2020-09-21,10934.93,10988.3,10380.26,10462.26,28884999244.0,193514327128.0
2020-09-20,11095.87,11095.87,10814.48,10938.27,24699523788.0,202308927892.0
2020-09-19,10933.75,11134.09,10909.62,11094.35,22764204008.0,205185696336.0
2020-09-18,10951.82,11034.91,10829.66,10944.59,26341903912.0,202405809881.0
2020-09-17,10973.25,11037.42,10774.63,10948.99,38151810523.0,202475761712.0
2020-09-16,10797.76,11100.12,10704.88,10974.9,30769986455.0,202942925722.0
2020-09-15,10677.75,10938.63,10656.46,10796.95,32509451925.0,199641896762.0
2020-09-14,10328.73,10800.01,10266.01,10680.84,35453581940.0,197484272947.0
2020-09-13,10452.4,10577.22,10224.33,10323.76,36506852789.0,190870759062.0
2020-09-12,10409.86,10578.84,10292.39,10442.17,36750077324.0,193049493277.0
2020-09-11,10369.03,10434.92,10140.84,10400.91,45201121775.0,192275791669.0
2020-09-10,10242.33,10503.91,10238.14,10363.14,54406443211.0,191568387062.0
2020-09-09,10134.15,10350.54,10017.25,10242.35,24128292755.0,189325507175.0
2020-09-08,10369.31,10414.78,9945.11,10131.52,33430927462.0,187267336728.0
2020-09-07,10281.0,10399.15,9916.49,10369.56,33703098409.0,191657203885.0
2020-09-06,10167.22,10353.93,10056.89,10280.35,37071460174.0,189997214393.0
2020-09-05,10512.53,10581.57,9946.68,10169.57,44916565292.0,187940141276.0
2020-09-04,10230.37,10663.92,10207.94,10511.81,29965130374.0,194255818704.0
2020-09-03,11407.19,11443.02,10182.47,10245.3,31927261555.0,189322069063.0
2020-09-02,11964.82,11964.82,11290.79,11414.03,28037405299.0,210909793681.0
2020-09-01,11679.32,12067.08,11601.13,11970.48,27311555343.0,221181001607.0
2020-08-31,11713.31,11768.88,11598.32,11680.82,22285928250.0,215817677822.0
2020-08-30,11508.71,11715.26,11492.38,11711.51,19760127945.0,216373660045.0
2020-08-29,11541.05,11585.64,11466.29,11506.87,17485597759.0,212583870983.0
2020-08-28,11325.3,11545.62,11316.42,11542.5,19807127588.0,213231661583.0
2020-08-27,11485.61,11570.79,11185.94,11323.4,23240415076.0,209172436817.0
2020-08-26,11366.89,11530.05,11296.99,11488.36,22466660958.0,212210534428.0
2020-08-25,11773.59,11778.3,11189.85,11366.14,26301509932.0,209942744481.0
2020-08-24,11663.69,11807.63,11623.25,11774.6,20681511755.0,217477962650.0
2020-08-23,11679.7,11713.43,11559.92,11664.85,18482062658.0,215439967321.0
2020-08-22,11585.48,11689.41,11448.81,11681.83,20224191306.0,215742068895.0
2020-08-21,11878.03,11899.26,11564.98,11592.49,23762425999.0,214082401861.0
2020-08-20,11761.5,11900.41,11710.06,11878.37,20175242945.0,219350310326.0
2020-08-19,11990.88,12028.92,11687.33,11758.28,24502851117.0,217122068305.0
2020-08-18,12251.9,12335.71,11954.53,11991.23,26043227672.0,221413097553.0
2020-08-17,11895.66,12359.06,11806.7,12254.4,28227687027.0,226261747567.0
2020-08-16,11866.69,11934.9,11737.19,11892.8,20583375490.0,219576092170.0
2020-08-15,11768.7,11963.2,11768.7,11865.7,23354924400.0,219064372745.0
2020-08-14,11772.66,12150.99,11685.46,11768.87,24237958589.0,217265120503.0
2020-08-13,11588.41,11796.4,11216.87,11784.14,27522199497.0,217534728413.0
2020-08-12,11404.6,11748.4,11249.61,11584.93,25064548486.0,213846666475.0
2020-08-11,11881.65,11932.71,11195.71,11410.53,27039782640.0,210616121945.0
2020-08-10,11662.26,12045.14,11662.26,11878.11,26114112569.0,219235405395.0
2020-08-09,11737.33,11806.06,11548.78,11675.74,17489608833.0,215490364255.0
2020-08-08,11604.55,11800.06,11558.43,11754.05,17572057837.0,216924147851.0
2020-08-07,11778.89,11898.04,11408.59,11601.47,23132312867.0,214097928027.0
2020-08-06,11749.87,11902.34,11598.71,11779.77,23400740340.0,217377233001.0
2020-08-05,11203.82,11786.62,11158.29,11747.02,24411254471.0,216761492406.0
2020-08-04,11246.2,11385.38,11094.15,11205.89,21250197042.0,206767135617.0
2020-08-03,11043.77,11453.08,11012.41,11246.35,20271713443.0,207503423456.0
2020-08-02,11758.76,12034.14,11018.13,11053.61,27410067336.0,203936136730.0
2020-08-01,11322.57,11794.78,11239.68,11759.59,26075670303.0,216950669098.0
2020-07-31,11110.21,11415.86,10987.05,11323.47,23160469766.0,208895308529.0
2020-07-30,11099.83,11169.36,10895.46,11111.21,22857247901.0,204969047788.0
2020-07-29,10912.95,11304.4,10856.14,11100.47,24617249715.0,204761455133.0
2020-07-28,11017.46,11204.33,10632.63,10912.82,28766551142.0,201290022193.0
2020-07-27,9905.22,11298.22,9903.97,10990.87,35359749590.0,202719581737.0
2020-07-26,9680.23,10023.81,9652.85,9905.17,20507998997.0,182685328095.0
2020-07-25,9539.49,9704.56,9530.21,9677.11,16610070933.0,178469614078.0
2020-07-24,9585.51,9623.34,9481.45,9536.89,16552768325.0,175875016548.0
2020-07-23,9527.14,9610.25,9483.0,9581.07,18146399002.0,176680237480.0
2020-07-22,9375.08,9530.52,9319.65,9525.36,16532254884.0,175644844408.0
2020-07-21,9162.51,9407.26,9149.39,9374.89,18069581956.0,172861732402.0
2020-07-20,9187.22,9214.27,9137.51,9164.23,13755604146.0,168970262859.0
2020-07-19,9158.01,9201.4,9097.63,9185.82,12939002784.0,169360219986.0
2020-07-18,9151.18,9230.98,9100.82,9159.04,12252601475.0,168858972269.0
2020-07-17,9131.81,9182.25,9089.2,9151.39,13944570749.0,168710427574.0
2020-07-16,9191.98,9214.31,9088.95,9132.23,15713967523.0,168350501976.0
2020-07-15,9241.9,9275.33,9171.93,9192.84,15844731575.0,169460074576.0
2020-07-14,9238.7,9283.84,9171.66,9243.21,18085038362.0,170380670525.0
2020-07-13,9277.2,9306.4,9224.29,9243.61,17519821266.0,170379677119.0
2020-07-12,9241.06,9319.42,9197.45,9276.5,14452361907.0,170977422928.0
2020-07-11,9277.51,9293.53,9199.49,9240.35,13249910444.0,170302234778.0
2020-07-10,9273.36,9287.47,9118.0,9278.81,16860035605.0,171001933827.0
2020-07-09,9427.99,9431.38,9235.0,9277.97,18000702524.0,170977231638.0
2020-07-08,9253.02,9450.34,9249.5,9428.33,19702359883.0,173738543115.0
2020-07-07,9349.16,9360.62,9201.82,9252.28,13839652595.0,170485472276.0
2020-07-06,9072.85,9375.47,9058.66,9375.47,17889263252.0,172746103840.0
2020-07-05,9126.09,9162.18,8977.02,9073.94,12903406143.0,167181726154.0
2020-07-04,9084.23,9183.3,9053.63,9132.49,12290528515.0,168251076678.0
2020-07-03,9124.84,9202.34,9058.79,9087.3,13078970999.0,167409720388.0
2020-07-02,9231.14,9274.96,9036.62,9123.41,16338916796.0,168065586387.0
2020-07-01,9145.99,9309.75,9104.73,9228.33,15971550355.0,169988756578.0
2020-06-30,9185.58,9217.84,9084.84,9137.99,15735797744.0,168315606321.0
2020-06-29,9140.03,9237.57,9041.88,9190.85,16460547078.0,169280659246.0
2020-06-28,9048.46,9197.55,8975.53,9143.58,14560870760.0,168401806137.0
2020-06-27,9167.82,9207.81,8998.22,9045.39,17273093144.0,166584831506.0
2020-06-26,9260.99,9310.52,9101.74,9162.92,18341465837.0,168741367622.0
2020-06-25,9314.13,9340.16,9095.32,9264.81,18616048626.0,170608289504.0
2020-06-24,9632.15,9680.37,9278.23,9313.61,18961716076.0,171498781280.0
2020-06-23,9644.08,9670.54,9547.25,9629.66,17006433272.0,177310052079.0
2020-06-22,9300.92,9655.07,9296.87,9648.72,21104009514.0,177651397437.0
2020-06-21,9330.93,9401.11,9300.43,9303.63,15324301169.0,171289415079.0
2020-06-20,9290.96,9394.97,9247.38,9332.34,17130541557.0,171809438651.0
2020-06-19,9410.29,9440.88,9274.3,9288.02,19632223107.0,170985625732.0
2020-06-18,9481.57,9482.78,9328.4,9411.84,17770083003.0,173256688664.0
2020-06-17,9533.78,9540.42,9327.34,9480.26,20177709879.0,174508805561.0
2020-06-16,9454.27,9579.43,9400.45,9538.02,21565537209.0,175563963385.0
2020-06-15,9386.04,9504.86,8990.18,9450.7,26699704768.0,173947607772.0
2020-06-14,9477.55,9482.27,9347.59,9386.79,18991732746.0,172763239787.0
2020-06-13,9480.74,9493.21,9396.01,9475.28,17564322315.0,174381819725.0
2020-06-12,9320.69,9540.47,9285.85,9480.84,22610564515.0,174474896922.0
2020-06-11,9870.08,9938.3,9263.07,9321.78,30247143440.0,171538133043.0
2020-06-10,9794.12,9908.9,9728.29,9870.09,25706567601.0,181616765438.0
2020-06-09,9774.36,9836.37,9664.72,9795.7,23717842783.0,180237817527.0
2020-06-08,9760.06,9782.31,9675.89,9771.49,21486346312.0,179782576534.0
2020-06-07,9653.0,9768.5,9458.15,9758.85,25015250846.0,179540253701.0
2020-06-06,9664.9,9773.43,9591.02,9653.68,20438419222.0,177595657884.0
2020-06-05,9800.22,9869.24,9663.22,9665.53,23509628646.0,177801825145.0
2020-06-04,9655.85,9887.61,9525.25,9800.64,25921805072.0,180276153545.0
2020-06-03,9533.76,9682.86,9471.85,9656.72,25007459262.0,177619631126.0
2020-06-02,10162.97,10182.34,9460.57,9529.8,39137252109.0,175277218229.0
2020-06-01,9463.61,10199.56,9450.9,10167.27,35198901068.0,186993405740.0
2020-05-31,9700.11,9700.34,9432.3,9461.06,27773290299.0,173997151930.0
2020-05-30,9438.91,9704.03,9366.73,9700.41,32722975141.0,178390129758.0
2020-05-29,9528.36,9573.67,9379.34,9439.12,32896642044.0,173575756364.0
2020-05-28,9184.94,9546.32,9148.46,9525.75,34367073114.0,175161235290.0
2020-05-27,8837.38,9203.32,8834.16,9181.02,32740536902.0,168814700531.0
2020-05-26,8909.59,8991.97,8757.29,8835.05,29584186947.0,162445535235.0
2020-05-25,8786.11,8951.01,8719.67,8906.93,31288157264.0,163760453116.0
2020-05-24,9212.28,9288.4,8787.25,8790.37,32518803300.0,161610414643.0
2020-05-23,9185.06,9302.5,9118.11,9209.29,27727866812.0,169305492440.0
2020-05-22,9080.33,9232.94,9008.64,9182.58,29810773699.0,168807619957.0
2020-05-21,9522.74,9555.24,8869.93,9081.76,39326160532.0,166947987864.0
2020-05-20,9725.33,9804.79,9447.2,9522.98,36546239703.0,175050963475.0
2020-05-19,9727.06,9836.05,9539.62,9729.04,39254288955.0,178831635026.0
2020-05-18,9675.69,9906.03,9570.36,9726.57,41827139896.0,178779483464.0
2020-05-17,9374.93,9823.0,9349.55,9670.74,40084250663.0,177745404470.0
2020-05-16,9333.24,9564.2,9260.69,9377.01,36164766408.0,172340956579.0
2020-05-15,9734.29,9755.83,9261.4,9328.2,48158802327.0,171436341789.0
2020-05-14,9271.33,9793.27,9255.03,9733.72,56426907637.0,178881641547.0
2020-05-13,8805.39,9317.88,8805.39,9269.99,45558144023.0,170352710071.0
2020-05-12,8610.39,8949.9,8569.64,8804.48,42142717533.0,161791577301.0
2020-05-11,8755.54,9033.47,8374.32,8601.8,57119858802.0,158059235276.0
2020-05-10,9591.17,9595.58,8395.11,8756.43,63325279337.0,160884755211.0
2020-05-09,9840.91,9913.86,9580.64,9593.9,46566121841.0,176251395673.0
2020-05-08,9936.16,9996.74,9767.17,9842.67,51780748042.0,180804859844.0
2020-05-07,9261.9,9992.66,9138.32,9951.52,61112700562.0,182787376637.0
2020-05-06,9007.44,9411.47,8966.71,9268.76,49371886931.0,170229620935.0
2020-05-05,8912.83,9062.41,8856.83,9003.07,43148462663.0,165332488792.0
2020-05-04,8895.74,8956.91,8645.02,8912.65,45718796276.0,163654493632.0
2020-05-03,8983.61,9167.78,8830.97,8897.47,47101785174.0,163358189151.0
2020-05-02,8869.06,9007.19,8811.37,8988.6,40134388683.0,165012307600.0
2020-05-01,8672.78,9048.02,8667.76,8864.77,44068389997.0,162722652380.0
2020-04-30,8797.67,9440.65,8533.26,8658.55,66964629541.0,158922133909.0
2020-04-29,7806.71,8871.75,7786.05,8801.04,60201052203.0,161522471385.0
2020-04-28,7796.97,7814.53,7730.81,7807.06,33187959921.0,143266252261.0
2020-04-27,7679.42,7795.6,7679.42,7795.6,36162144725.0,143040988590.0
2020-04-26,7570.14,7700.59,7561.41,7679.87,33070154491.0,140903867573.0
2020-04-25,7550.48,7641.36,7521.67,7569.94,32941541447.0,138874072264.0
2020-04-24,7434.18,7574.2,7434.18,7550.9,34636526286.0,138512029491.0
2020-04-23,7121.31,7491.78,7081.59,7429.72,43500782316.0,136275638031.0
2020-04-22,6879.44,7145.87,6867.78,7117.21,33249153866.0,130530916077.0
2020-04-21,6879.78,6934.55,6834.44,6880.32,32589741511.0,126175238603.0
2020-04-20,7186.87,7240.29,6835.5,6881.96,37747113936.0,126192239912.0
2020-04-19,7260.92,7280.52,7167.05,7189.42,31311210215.0,131815853850.0
2020-04-18,7092.29,7269.96,7089.25,7257.66,32447188386.0,133053136876.0
2020-04-17,7116.55,7167.18,7050.33,7096.18,32513423567.0,130078472088.0
2020-04-16,6640.45,7134.45,6555.5,7116.8,46783242377.0,130445413270.0
2020-04-15,6845.56,6928.66,6633.4,6642.11,32288311031.0,121731940639.0
2020-04-14,6843.28,6958.56,6793.82,6842.43,34110434052.0,125388687977.0
2020-04-13,6965.62,6965.62,6668.26,6845.04,38619308647.0,125422221237.0
2020-04-12,6858.07,7119.95,6811.08,6971.09,35759567632.0,127716846208.0
2020-04-11,6867.44,6926.07,6789.92,6859.08,31222085946.0,125651623116.0
2020-04-10,7303.82,7303.82,6802.47,6865.49,43622840992.0,125755496117.0
2020-04-09,7337.97,7341.45,7179.09,7302.09,34815139178.0,133737857010.0
2020-04-08,7179.28,7356.22,7153.31,7334.1,37563249549.0,134309895036.0
2020-04-07,7273.64,7427.94,7136.71,7176.41,44243482668.0,131409299432.0
2020-04-06,6788.05,7271.78,6782.89,7271.78,46896904615.0,133140400948.0
2020-04-05,6862.54,6883.41,6715.93,6791.13,29510409856.0,124328853512.0
2020-04-04,6738.38,6878.95,6696.48,6867.53,33185988584.0,125712834530.0
2020-04-03,6797.4,7003.22,6673.34,6733.39,38976504903.0,123244051100.0
2020-04-02,6606.78,7088.25,6595.92,6793.62,47660646124.0,124335130640.0
2020-04-01,6437.32,6612.57,6202.37,6606.78,40346426266.0,120903014693.0
2020-03-31,6430.61,6504.52,6374.16,6438.64,32786468812.0,117814077267.0
2020-03-30,5925.54,6517.2,5903.23,6429.84,37101651525.0,117640143688.0
2020-03-29,6245.62,6250.47,5920.09,5922.04,28373690931.0,108338520156.0
2020-03-28,6467.25,6467.5,6117.84,6242.19,34885225901.0,114183689641.0
2020-03-27,6719.39,6793.84,6466.7,6469.8,34585598367.0,118336082172.0
2020-03-26,6675.17,6735.46,6590.96,6716.44,35319797642.0,122834375216.0
2020-03-25,6738.72,6892.51,6536.93,6681.06,44590107888.0,122174009143.0
2020-03-24,6436.64,6789.02,6411.07,6734.8,48221910672.0,123148917787.0
2020-03-23,5831.37,6443.93,5785.0,6416.31,46491916000.0,117314776187.0
2020-03-22,6185.56,6359.7,5823.71,5830.25,40099664740.0,106591196069.0
2020-03-21,6206.52,6378.14,5932.82,6185.07,42494390880.0,113068192795.0
2020-03-20,6191.65,6844.26,5865.78,6198.78,54442976103.0,113309245860.0
2020-03-19,5245.42,6329.74,5236.97,6191.19,51000731797.0,113162079956.0
2020-03-18,5227.11,5331.83,5069.34,5238.44,37878801016.0,95740715529.0
2020-03-17,5002.58,5371.35,4981.91,5225.63,38622642935.0,95499941183.0
2020-03-16,5385.23,5385.23,4575.36,5014.48,45368026430.0,91633478850.0
2020-03-15,5201.07,5836.65,5169.28,5392.31,33997889639.0,98530059890.0
2020-03-14,5573.08,5625.23,5125.07,5200.37,36154506008.0,95014981944.0
2020-03-13,5017.83,5838.11,4106.98,5563.71,74156772075.0,101644613038.0
2020-03-12,7913.62,7929.12,4860.35,4970.79,53980357243.0,90804613601.0
2020-03-11,7910.09,7950.81,7642.81,7911.43,38682762605.0,144508402671.0
2020-03-10,7922.15,8136.95,7814.76,7909.73,42213940994.0,144465567734.0
2020-03-09,8111.15,8177.79,7690.1,7923.64,46936995808.0,144706353758.0
2020-03-08,8908.21,8914.34,8105.25,8108.12,39973102121.0,148060284561.0
2020-03-07,9121.6,9163.22,8890.74,8909.95,36216930370.0,162684945903.0
2020-03-06,9078.31,9167.7,9032.08,9122.55,40826885651.0,166548261960.0
2020-03-05,8760.29,9142.05,8757.25,9078.76,39698054597.0,165731679918.0
2020-03-04,8788.54,8843.37,8712.43,8755.25,34746706368.0,159807857328.0
2020-03-03,8865.39,8901.6,8704.99,8787.79,42386715821.0,160383579416.0
2020-03-02,8563.26,8921.31,8532.63,8869.67,42857674409.0,161861167745.0
2020-03-01,8599.76,8726.8,8471.21,8562.45,35349164300.0,156238987740.0
2020-02-29,8671.21,8775.63,8599.51,8599.51,35792392544.0,156895988084.0
2020-02-28,8788.73,8890.46,8492.93,8672.46,44605450443.0,158211707019.0
2020-02-27,8825.09,8932.89,8577.2,8784.49,45470195695.0,160238496932.0
2020-02-26,9338.29,9354.78,8704.43,8820.52,50420050762.0,160879489024.0
2020-02-25,9651.31,9652.74,9305.02,9341.71,42515259129.0,170369581558.0
2020-02-24,9921.58,9951.75,9537.04,9650.17,45080496648.0,175977808526.0
2020-02-23,9663.32,9937.4,9657.79,9924.52,41185185761.0,180963233540.0
2020-02-22,9687.71,9698.23,9600.73,9663.18,35838025154.0,176180696548.0
2020-02-21,9611.78,9723.01,9589.74,9686.44,40930547513.0,176587087363.0
2020-02-20,9629.33,9643.22,9507.9,9608.48,44925260237.0,175147142158.0
2020-02-19,10143.8,10191.68,9611.22,9633.39,46992019710.0,175585931679.0
2020-02-18,9691.23,10161.94,9632.38,10142.0,47271023953.0,184838512656.0
2020-02-17,9936.56,9938.82,9507.64,9690.14,45998298413.0,176585280987.0
2020-02-16,9889.18,10053.97,9722.39,9934.43,43374780305.0,181017665264.0
2020-02-15,10313.86,10341.56,9874.43,9889.42,43865054831.0,180179996219.0
2020-02-14,10211.55,10322.0,10125.53,10312.12,43338264162.0,187862645449.0
2020-02-13,10323.96,10457.63,10116.16,10214.38,49356071373.0,186065003526.0
2020-02-12,10202.39,10393.61,10202.39,10326.05,43444303830.0,188081204386.0
2020-02-11,9855.89,10210.05,9729.33,10208.24,37648059389.0,185917114989.0
2020-02-10,10115.56,10165.77,9784.56,9856.61,39386548075.0,179494809266.0
2020-02-09,9863.89,10129.44,9850.39,10116.67,35807884663.0,184214765394.0
2020-02-08,9793.07,9876.75,9678.91,9865.12,35172043762.0,179615828322.0
2020-02-07,9726.0,9834.72,9726.0,9795.94,34522718159.0,178339437206.0
2020-02-06,9617.82,9824.62,9539.82,9729.8,37628823716.0,177118274394.0
2020-02-05,9183.42,9701.3,9163.7,9613.42,35222060874.0,174983423933.0
2020-02-04,9292.84,9331.27,9112.81,9180.96,29893183716.0,167093636162.0
2020-02-03,9344.68,9540.37,9248.63,9293.52,30934096509.0,169126861034.0
2020-02-02,9389.82,9468.8,9217.82,9344.37,30835736946.0,170034976662.0
2020-02-01,9346.36,9439.32,9313.24,9392.88,25922656496.0,170900662180.0
2020-01-31,9508.31,9521.71,9230.78,9350.53,29432489719.0,170112778161.0
2020-01-30,9316.02,9553.13,9230.9,9508.99,32378792851.0,172978577931.0
2020-01-29,9357.47,9406.43,9269.47,9316.63,30682598115.0,169460984603.0
2020-01-28,8912.52,9358.59,8908.45,9358.59,34398744403.0,170205617955.0
2020-01-27,8597.31,8977.73,8597.31,8909.82,28647338393.0,162027957435.0
2020-01-26,8364.41,8602.4,8325.5,8596.83,22177678796.0,156322174637.0
2020-01-25,8440.12,8458.45,8296.22,8367.85,19647331549.0,152143262650.0
2020-01-24,8405.57,8514.67,8266.84,8445.43,24397913026.0,153536829768.0
2020-01-23,8680.65,8687.75,8333.64,8406.52,25770680779.0,152813329633.0
2020-01-22,8744.21,8792.99,8636.75,8680.88,22600204051.0,157783273070.0
2020-01-21,8658.99,8755.71,8544.52,8745.89,24097418512.0,158947996834.0
2020-01-20,8704.63,8745.59,8560.47,8657.64,26422375678.0,157327553259.0
2020-01-19,8941.45,9164.36,8620.08,8706.25,34217320471.0,158194319735.0
2020-01-18,8927.21,9012.2,8827.33,8942.81,32337772627.0,162475965880.0
2020-01-17,8725.21,8958.12,8677.32,8929.04,36372139320.0,162211148778.0
2020-01-16,8812.48,8846.46,8612.1,8723.79,31313981931.0,158465055984.0
2020-01-15,8825.34,8890.12,8657.19,8807.01,40102834650.0,159959191212.0
2020-01-14,8140.93,8879.51,8140.93,8827.76,44841784107.0,160319484883.0
2020-01-13,8189.77,8197.79,8079.7,8144.19,22482910688.0,147890525973.0
2020-01-12,8033.26,8200.06,8009.06,8192.49,22903438381.0,148752956966.0
2020-01-11,8162.19,8218.36,8029.64,8037.54,25521165085.0,145924199942.0
2020-01-10,7878.31,8166.55,7726.77,8166.55,28714583844.0,148249907277.0
2020-01-09,8082.3,8082.3,7842.4,7879.07,24045990466.0,143016572819.0
2020-01-08,8161.94,8396.74,7956.77,8079.86,31672559265.0,146645162431.0
2020-01-07,7768.68,8178.22,7768.23,8163.69,28767291327.0,148152237654.0
2020-01-06,7410.45,7781.87,7409.29,7769.22,23276261598.0,140976457304.0
2020-01-05,7410.45,7544.5,7400.54,7411.32,19725074095.0,134469548249.0
2020-01-04,7345.38,7427.39,7309.51,7410.66,18444271275.0,134442464030.0
2020-01-03,6984.43,7413.72,6915.0,7344.88,28111481032.0,133233444755.0
2020-01-02,7202.55,7212.16,6935.27,6985.47,20802083465.0,126699395235.0
2020-01-01,7194.89,7254.33,7174.94,7200.17,18565664997.0,130580829150.0
2019-12-31,7294.44,7335.29,7169.78,7193.6,21167946112.0,130446112598.0
2019-12-30,7420.27,7454.82,7276.31,7293.0,22874131672.0,132235128152.0
2019-12-29,7317.65,7513.95,7279.87,7422.65,22445257702.0,134570835775.0
2019-12-28,7289.03,7399.04,7286.91,7317.99,21365673026.0,132659059740.0
2019-12-27,7238.14,7363.53,7189.93,7290.09,22777360996.0,132139502950.0
2019-12-26,7274.8,7388.3,7200.39,7238.97,22787010034.0,131200030100.0
2019-12-25,7325.76,7357.02,7220.99,7275.16,21559505149.0,131840641292.0
2019-12-24,7354.39,7535.72,7269.53,7322.53,22991622105.0,132687583295.0
2019-12-23,7508.9,7656.18,7326.19,7355.63,27831788041.0,133275709111.0
2019-12-22,7191.19,7518.03,7167.18,7511.59,23134537956.0,136088022049.0
2019-12-21,7220.59,7223.23,7112.74,7191.16,19312552168.0,130267655889.0
2019-12-20,7208.64,7257.92,7086.12,7218.82,22633815180.0,130752796980.0
2019-12-19,7277.59,7346.6,7041.38,7202.84,25904604416.0,130445758713.0
2019-12-18,6647.7,7324.98,6540.05,7276.8,31836522778.0,131754969804.0
2019-12-17,6931.32,6964.07,6587.97,6640.52,22363804217.0,120234244809.0
2019-12-16,7153.66,7171.17,6903.68,6932.48,20213265950.0,125515586952.0
2019-12-15,7124.24,7181.08,6924.38,7152.3,16881129804.0,129481424648.0
2019-12-14,7268.9,7308.84,7097.21,7124.67,17137029730.0,128970221233.0
2019-12-13,7244.66,7293.56,7227.12,7269.68,17125736940.0,131581377758.0
2019-12-12,7216.74,7266.64,7164.74,7243.13,18927080224.0,131087151088.0
2019-12-11,7277.2,7324.16,7195.53,7217.43,16350490689.0,130609895528.0
2019-12-10,7397.13,7424.02,7246.04,7278.12,18249031195.0,131696121855.0
2019-12-09,7561.8,7618.09,7365.99,7400.9,17872021272.0,133904005787.0
2019-12-08,7551.34,7634.61,7476.09,7564.35,15409908086.0,136847419896.0
2019-12-07,7547.27,7589.95,7525.71,7556.24,15453520564.0,136686769529.0
2019-12-06,7450.56,7547.0,7392.18,7547.0,18104466307.0,136504883935.0
2019-12-05,7253.24,7743.43,7232.68,7448.31,18816085231.0,134706455048.0
2019-12-04,7320.13,7539.78,7170.92,7252.03,21664240918.0,131143073943.0
2019-12-03,7323.98,7418.86,7229.36,7320.15,14797485769.0,132359942301.0
2019-12-02,7424.04,7474.82,7233.4,7321.99,17082040706.0,132378982377.0
2019-12-01,7571.62,7571.62,7291.34,7424.29,18720708479.0,134215145410.0
2019-11-30,7764.06,7836.1,7515.85,7569.63,17158194786.0,136829391049.0
2019-11-29,7466.73,7781.18,7460.76,7761.24,19709695456.0,140280108521.0
2019-11-28,7536.82,7730.07,7454.12,7463.11,19050116751.0,134879411013.0
2019-11-27,7220.88,7619.69,6974.17,7531.66,23991412764.0,136102712894.0
2019-11-26,7145.16,7320.23,7098.57,7218.37,21129505542.0,130429018720.0
2019-11-25,7039.98,7319.86,6617.17,7146.13,42685231262.0,129112952930.0
2019-11-24,7398.63,7408.58,7029.29,7047.92,30433517289.0,127327398565.0
2019-11-23,7296.16,7442.26,7151.42,7397.8,21008924418.0,133636205957.0
2019-11-22,7643.57,7697.38,6936.71,7296.58,34242315785.0,131791783672.0
2019-11-21,8023.64,8110.1,7597.38,7642.75,22514243371.0,138031885379.0
2019-11-20,8203.61,8237.24,8010.51,8027.27,20764300437.0,144962727398.0
2019-11-19,8305.13,8408.52,8099.96,8206.15,21083613816.0,148178376843.0
2019-11-18,8573.98,8653.28,8273.57,8309.29,21579470673.0,150025712267.0
2019-11-17,8549.47,8727.79,8500.97,8577.98,18668638897.0,154861842425.0
2019-11-16,8491.17,8592.0,8473.97,8550.76,16495389808.0,154354054194.0
2019-11-15,8705.71,8730.87,8484.84,8491.99,21796856471.0,153277483626.0
2019-11-14,8811.94,8826.94,8692.55,8708.1,19084739975.0,157160974644.0
2019-11-13,8812.03,8836.84,8761.65,8808.26,17545755405.0,158949942842.0
2019-11-12,8759.75,8853.77,8685.43,8815.66,20309769107.0,159068712900.0
2019-11-11,9056.92,9081.28,8700.61,8757.79,20265510765.0,158009772437.0
2019-11-10,8812.49,9103.83,8806.16,9055.53,20587919881.0,163364406732.0
2019-11-09,8809.47,8891.82,8793.16,8813.58,17578630606.0,158981489715.0
2019-11-08,9265.37,9272.76,8775.53,8804.88,24333037836.0,158808570729.0
2019-11-07,9352.39,9368.48,9202.35,9267.56,22700383839.0,167138722904.0
2019-11-06,9340.86,9423.24,9305.91,9360.88,23133895765.0,168806151583.0
2019-11-05,9413.0,9457.42,9256.93,9342.53,26198609048.0,168459778835.0
2019-11-04,9235.61,9505.05,9191.49,9412.61,26170255634.0,169706332936.0
2019-11-03,9324.79,9379.81,9141.25,9235.35,21132220847.0,166495319475.0
2019-11-02,9259.78,9377.49,9249.59,9324.72,21242676385.0,168090392935.0
2019-11-01,9193.99,9275.66,9132.05,9261.1,24324691031.0,166928044164.0
2019-10-31,9202.46,9383.16,9028.72,9199.58,26583653947.0,165804227835.0
2019-10-30,9422.46,9426.87,9085.37,9205.73,27706531577.0,165899500650.0
2019-10-29,9248.44,9516.18,9232.65,9427.69,28426779937.0,169883866262.0
2019-10-28,9565.1,9805.12,9256.15,9256.15,30948255332.0,166777392742.0
2019-10-27,9241.71,9749.53,9112.54,9551.71,32593129501.0,172087039875.0
2019-10-26,8667.58,10021.74,8662.62,9244.97,44496255609.0,166547360782.0
2019-10-25,7490.7,8691.54,7479.98,8660.7,28705065488.0,156006603607.0
2019-10-24,7509.73,7532.87,7446.99,7493.49,16268708849.0,134968410276.0
2019-10-23,8076.23,8093.0,7469.32,7514.67,21942878958.0,135337364282.0
2019-10-22,8243.4,8296.65,8074.46,8078.2,16803377857.0,145469660005.0
2019-10-21,8225.12,8296.69,8196.42,8243.72,15868748866.0,148432733155.0
2019-10-20,7997.81,8281.82,7949.44,8222.08,15504249442.0,148026597064.0
2019-10-19,7973.8,8082.63,7944.78,7988.56,13797825640.0,143808163807.0
2019-10-18,8100.93,8138.41,7902.16,7973.21,15651592610.0,143517630376.0
2019-10-17,8047.81,8134.83,8000.94,8103.91,14313052244.0,145853994298.0
2019-10-16,8204.67,8216.81,7985.09,8047.53,16071646996.0,144823993562.0
2019-10-15,8373.46,8410.71,8182.71,8205.37,15220412632.0,147650082215.0
2019-10-14,8320.83,8390.21,8284.13,8374.69,15151387859.0,150680499056.0
2019-10-13,8336.9,8470.99,8276.61,8321.01,13808286059.0,149700817939.0
2019-10-12,8315.66,8415.24,8313.34,8336.56,14532641605.0,149965767624.0
2019-10-11,8585.26,8721.78,8316.18,8321.76,19604381101.0,149685618275.0
2019-10-10,8585.28,8625.27,8471.93,8586.47,17618660671.0,154430515160.0
2019-10-09,8229.84,8627.71,8169.3,8595.74,19384942333.0,154579656110.0
2019-10-08,8246.85,8332.72,8185.76,8228.78,15592264032.0,147966069982.0
2019-10-07,7989.12,8308.45,7905.77,8245.62,18009742607.0,148252589805.0
2019-10-06,8149.88,8161.41,7958.85,7988.16,13160830305.0,143607672862.0
2019-10-05,8210.15,8215.53,8071.12,8151.5,12200497197.0,146529229668.0
2019-10-04,8259.49,8260.06,8151.24,8205.94,13139456229.0,147491804056.0
2019-10-03,8390.77,8414.23,8146.44,8259.99,13668823409.0,148448162840.0
2019-10-02,8344.21,8393.04,8227.7,8393.04,13125712443.0,150823797662.0
2019-10-01,8299.72,8497.69,8232.68,8343.28,15305343413.0,149913972768.0
2019-09-30,8104.23,8314.23,7830.76,8293.87,17115474183.0,149011567415.0
2019-09-29,8246.04,8261.71,7990.5,8104.19,13034629109.0,145590374681.0
2019-09-28,8251.27,8285.62,8125.43,8245.92,14141152736.0,148122503616.0
2019-09-27,8113.1,8271.52,7965.92,8251.85,16408941156.0,148212635834.0
2019-09-26,8487.67,8515.69,7895.63,8118.97,19258205289.0,145812492488.0
2019-09-25,8603.43,8744.83,8325.4,8486.99,21744728353.0,152404005091.0
2019-09-24,9729.32,9804.32,8370.8,8620.57,25002886689.0,154785821876.0
2019-09-23,10067.96,10074.24,9727.14,9729.32,15144925408.0,174674558023.0
2019-09-22,10024.12,10074.44,9922.53,10070.39,13199651698.0,180784051699.0
2019-09-21,10183.65,10188.1,10000.71,10019.72,13425266806.0,179853287294.0
2019-09-20,10266.32,10285.87,10132.19,10181.64,14734189639.0,182738947696.0
2019-09-19,10200.5,10295.67,9851.69,10266.41,19937691247.0,184240949577.0
2019-09-18,10247.8,10275.93,10191.47,10198.25,16169268880.0,182998899156.0
2019-09-17,10281.51,10296.77,10199.74,10241.27,15304603363.0,183748515828.0
2019-09-16,10347.22,10386.87,10189.74,10276.79,15160167779.0,184366827555.0
2019-09-15,10356.47,10387.03,10313.09,10347.71,12043433567.0,185618174384.0
2019-09-14,10345.4,10422.13,10291.69,10358.05,13468713124.0,185784300332.0
2019-09-13,10415.36,10441.49,10226.6,10360.55,14109864675.0,185809163035.0
2019-09-12,10176.82,10442.25,10099.24,10410.13,15323563925.0,186678943059.0
2019-09-11,10123.03,10215.95,9980.78,10178.37,15428063426.0,182502788242.0
2019-09-10,10336.41,10394.35,10020.57,10115.98,14906809639.0,181360731383.0
2019-09-09,10443.23,10450.31,10144.93,10334.97,17595943368.0,185263578990.0
2019-09-08,10518.11,10595.64,10409.09,10441.28,13670567493.0,187150078007.0
2019-09-07,10353.93,10558.67,10348.92,10517.25,15307366476.0,188488525926.0
2019-09-06,10578.2,10898.76,10292.3,10353.3,19536574783.0,185530405363.0
2019-09-05,10588.18,10627.27,10516.42,10575.53,14551239508.0,189492405383.0
2019-09-04,10621.18,10762.64,10434.71,10594.49,16742664769.0,189810010608.0
2019-09-03,10345.73,10736.1,10308.55,10623.54,19384917989.0,190312487956.0
2019-09-02,9757.47,10396.59,9730.65,10346.76,17248102294.0,185333114163.0
2019-09-01,9630.59,9796.76,9582.94,9757.97,11445355859.0,174768292883.0
2019-08-31,9597.54,9673.22,9531.8,9630.66,11454806419.0,172470743516.0
2019-08-30,9514.84,9656.12,9428.3,9598.17,13595263986.0,171869216524.0
2019-08-29,9756.79,9756.79,9421.63,9510.2,17045878501.0,170274910132.0
2019-08-28,10203.43,10279.37,9716.66,9754.42,17603790323.0,174627460400.0
2019-08-27,10372.83,10381.33,10087.3,10185.5,14762609503.0,182325540955.0
2019-08-26,10126.3,10512.33,10126.3,10370.82,18438654080.0,185625235889.0
2019-08-25,10160.74,10304.62,10008.79,10138.52,14153856610.0,181450186164.0
2019-08-24,10407.64,10418.02,9982.3,10159.96,15451030650.0,181813631752.0
2019-08-23,10136.31,10442.44,10078.19,10407.97,15627023886.0,186231409722.0
2019-08-22,10142.52,10233.0,9831.46,10131.06,17097508856.0,181257125783.0
2019-08-21,10764.57,10798.73,9962.72,10138.05,19473084768.0,181364502142.0
2019-08-20,10916.35,10947.04,10618.96,10763.23,15053082175.0,192530283565.0
2019-08-19,10350.28,10916.05,10313.2,10916.05,16038264603.0,195243306008.0
2019-08-18,10233.01,10487.07,10119.09,10345.81,12999813869.0,185022920955.0
2019-08-17,10358.72,10452.62,10086.7,10231.74,13778035685.0,182966857173.0
2019-08-16,10319.42,10524.35,9855.48,10374.34,20228207096.0,185500055339.0
2019-08-15,10038.42,10437.41,9675.32,10311.55,22899115082.0,184357666577.0
2019-08-14,10889.49,10889.56,10028.14,10051.7,19990838300.0,179692803424.0
2019-08-13,11385.05,11420.05,10830.33,10895.83,16681503537.0,194762696644.0
2019-08-12,11528.19,11528.19,11320.95,11382.62,13647198229.0,203441494985.0
2019-08-11,11349.74,11523.58,11248.29,11523.58,15774371518.0,205941632235.0
2019-08-10,11861.56,11915.66,11323.9,11354.02,18125355447.0,202890020455.0
2019-08-09,11953.47,11970.46,11709.75,11862.94,18339989960.0,211961319133.0
2019-08-08,11954.04,11979.42,11556.17,11966.41,19481591730.0,213788089212.0
2019-08-07,11476.19,12036.99,11433.7,11941.97,22194988641.0,213330426789.0
2019-08-06,11811.55,12273.82,11290.73,11478.17,23635107660.0,205023347814.0
2019-08-05,10960.74,11895.09,10960.74,11805.65,23875988832.0,210848822060.0
2019-08-04,10821.63,11009.21,10620.28,10970.18,16530894787.0,195907875403.0
2019-08-03,10519.28,10946.78,10503.5,10821.73,15352685061.0,193233960601.0
2019-08-02,10402.04,10657.95,10371.01,10518.17,17489094082.0,187791090996.0
2019-08-01,10077.44,10446.92,9922.02,10399.67,17165337858.0,185653203391.0